trial,optimizer_gain,dither_amplitude,dither_frequency,convergence_time,log10gain,alternative_convergence_time
0,0.0042611366555621,0.084824609436748,0.381397428052744,6.59,-2.37047453765947,16.61
1,0.0048481393387957,0.142388370457547,0.447890083030266,9.62,-2.31442490674596,13.62
2,0.0027550538666112,0.136688953337291,0.26906883020019,8.63,-2.55986990543532,9.71
3,0.0076170655479757,0.480378594529319,0.402805688621422,9.85,-2.11821230710825,14.22
4,0.0033846359137242,0.298826020008275,0.30966927920342,9.54,-2.47048804165085,8.71
5,0.0089387092649486,0.470675096563306,0.467228627125731,9.95,-2.04872518809227,12.83
6,0.00261938758578,0.126380584642403,0.249597042648116,6.35,-2.58180023509465,10.36
7,0.0023530495217537,0.0859085745244113,0.282199125468749,8.81,-2.62836893266331,18.32
8,0.0049454608272721,0.406873939384706,0.322526553156098,8.36,-2.30579323381066,15.33
9,0.0058973076442461,0.127787140283946,0.481025809175825,7.58,-2.22934621583531,13.22
10,0.0064510307332953,0.15016339602688,0.440717920026829,8.82,-2.19037088908273,9.68
11,0.008492915982132,0.101928068871883,0.466415681614445,3.99,-2.07094317223891,11.78
12,0.0078048001654911,0.374911893022595,0.438174629074659,7.89,-2.10763821215769,13.18
13,0.0049166719749387,0.33201242585799,0.326253325579474,7.56,-2.30832876552033,15.06
14,0.0058787178113437,0.21923094494087,0.40384484444256,6.31,-2.23071738619935,6.64
15,0.0027578639811507,0.188251713853453,0.254665596118096,6.48,-2.55942715719294,15.05
16,0.0054833187930404,0.416296299145431,0.340055930830045,9.79,-2.2609565040648,14.77
17,0.0021946229458219,0.146126908246122,0.187308017715885,8.56,-2.65864008435814,15.69
18,0.0048064262684881,0.441496773134152,0.313349619771139,8.57,-2.31817771546246,15.69
19,0.0089041276604503,0.316545646558257,0.463658328652633,6.31,-2.05040862205254,12.64
20,0.0031602484427077,0.392830701178407,0.230488717590223,9.87,-2.50027877400953,17.74
21,0.0022988793442426,0.0880330788381567,0.258318710776952,9.98,-2.63848382190372,17.1
22,0.0070014999532079,0.276555813973329,0.413513596490764,5.94,-2.15480890975456,12.97
23,0.0015118152522872,0.160466788622792,0.180663839788136,9.22,-2.82050127749518,12.38
24,0.0053878430723738,0.459638038996184,0.31308558045284,9.33,-2.26858506213142,15.36
25,0.0053558333694943,0.101309456468397,0.382404582807814,4.03,-2.271172943205,12.02
26,0.0029410102713801,0.181954873925504,0.117888213185743,9.53,-2.53150345873132,50.33
27,0.0033765696135199,0.340345558279572,0.291290316326421,9.19,-2.47152429215855,8.41
28,0.0078478709213919,0.145634711949261,0.489239788736137,4.91,-2.10524814866942,9.33
29,0.0047129023419793,0.37078080303602,0.331776700959853,8.61,-2.32671155934474,14.92
30,0.0065572397630886,0.470439822033065,0.359292218531751,9.61,-2.18327893622328,14.19
31,0.0036191709222863,0.186439438130322,0.316979733773936,7.25,-2.44139090601783,8.06
32,0.00971434929346,0.318415732024743,0.462831966962236,9.54,-2.01258628489685,12.65
33,0.0057064191357118,0.377985968825181,0.352047626165802,7.37,-2.24363633263659,14.38
34,0.0041817533325545,0.32938265443273,0.310275465080494,8.06,-2.37864158832129,15.65
35,0.0084548628949453,0.290633788840857,0.424187586599961,9.52,-2.07289343057972,12.92
36,0.0052847703274912,0.388769094922145,0.372967543506051,9.87,-2.27697388208799,7.41
37,0.008315089686336,0.451539383247366,0.431622114034616,8.05,-2.08013306213048,13.58
38,0.0074931687201421,0.311385233033164,0.464479869988138,8.14,-2.12533448848801,7.41
39,0.0060411423967354,0.232420846856963,0.436133103425266,8.35,-2.21888092732507,8.17
40,0.0069819481963824,0.17355263721596,0.422572578166915,5.56,-2.15602337782329,7.67
41,0.0058562137620758,0.198736311858421,0.429694544666517,5.83,-2.23238307914987,8.33
42,0.0046009912301967,0.48252226625587,0.272971668952599,9.47,-2.33714859452934,16.14
43,0.0077334803431005,0.0398875765185756,0.424646730275535,6.9,-2.11162501401965,11.92
44,0.0068067259809688,0.109189443243038,0.380424522695461,4.79,-2.16706173247878,11.24
45,0.0043781447465893,0.192676477472285,0.421853281297475,9.86,-2.35870988424688,12.88
46,0.0067489725025795,0.311280631789422,0.426515055913394,7.89,-2.17076234130628,6.57
47,0.002610334649627,0.172969030902315,0.297990765371058,8.76,-2.58330381175376,11.94
48,0.0034224057198609,0.206697931075289,0.302392145877286,8.71,-2.46566850693631,8.17
49,0.0024343488731793,0.184685416219799,0.257858743524313,9.91,-2.61361718171844,9.74
50,0.0094907597467129,0.405907664552673,0.448723297579126,6.02,-2.0226990203864,13.03
51,0.0036264777869931,0.1857201846305,0.309518241027339,7.54,-2.44051497834724,8
52,0.0056194258341072,0.0236584526345583,0.444803550899468,8.95,-2.2503080562846,12.17
53,0.0090632588659306,0.346431108819168,0.493350854801031,7.21,-2.04271561545672,6.82
54,0.0056944971113351,0.251660424788112,0.416772719346148,7.86,-2.24454462301869,8.25
55,0.0036831577498083,0.104817329807124,0.234510337669129,6.67,-2.43377967989499,12.6
56,0.0018171468914016,0.196511501392014,0.191106578746934,8.68,-2.740609964521,20.46
57,0.0024220716264227,0.23839717125915,0.259018253098323,9.67,-2.61581301788158,9.82
58,0.0021205157335524,0.169415184811088,0.193525432650317,8.29,-2.67355850086537,19.56
59,0.003870029913968,0.101710904520511,0.314241479189971,7.76,-2.41228567802475,12.47
60,0.0041011592614195,0.124599778386739,0.394745697642536,6.42,-2.38709336531074,13.65
61,0.0042674494517665,0.213809190124426,0.399441581543703,8.96,-2.3698316144309,11.37
62,0.0086452089400328,0.146127773546787,0.379676688009107,9.77,-2.06322450610241,13.24
63,0.0050605130656377,0.176106619180741,0.363023736323423,6.1,-2.29580544950814,7.04
64,0.0092352420531894,0.340489398461923,0.466937611707363,5.52,-2.03455171733399,12.67
65,0.0026643352323261,0.135702252731324,0.186316962457429,8.18,-2.57441113220827,8.71
66,0.0051234714585951,0.321892726096162,0.376144833586208,9.28,-2.29043567878198,7.39
67,0.0043721602753224,0.341133431288362,0.307641877782926,7.93,-2.35930392599675,15.78
68,0.0063754858326599,0.201452882067076,0.384822308745725,4.11,-2.19548671498751,12.57
69,0.0033913563451444,0.159347460420239,0.253911922504766,6.16,-2.46962657453952,15.18
70,0.0066779470109393,0.163813463616046,0.489712446724005,7.11,-2.1753570313655,10.78
71,0.0077082534731842,0.201178879190812,0.460050732261775,5.73,-2.11304401272504,7.37
72,0.0023989417281108,0.205936694044268,0.261684560037294,9.95,-2.6199803012057,9.9
73,0.0084778338338213,0.373712671498173,0.484051645508258,9.25,-2.07171509988878,7.13
74,0.003556773871678,0.172547699705182,0.147430016364438,7.57,-2.44894374499252,47
75,0.0098440091760754,0.486932891695999,0.424972345516935,8.03,-2.00682799014223,12.97
76,0.0052752069504604,0.169831191542491,0.38799004210153,5.78,-2.27776049798667,8.6
77,0.0072540059058796,0.122134266529752,0.453903138431145,5.02,-2.13942209517275,10.16
78,0.0054404141872835,0.342524934378043,0.389669217533957,8.76,-2.26436803552162,7.97
79,0.0056114545496425,0.222825731119152,0.382680946629701,6.07,-2.25092455032954,6.58
80,0.0080704681777162,0.353111565177819,0.49545704106004,8.11,-2.0931012705938,7.77
81,0.0098126024373399,0.142251213856543,0.417087696043363,9.96,-2.00821579646435,14.22
82,0.0057517646795445,0.467487486638015,0.32290960040376,8.49,-2.24019889043913,15
83,0.0067947214697076,0.0298472689069175,0.473073293437015,5.34,-2.1678283412344,7.87
84,0.0063421233653516,0.395826610197731,0.401753571205322,9,-2.19776531444227,12.03
85,0.004598643493802,0.0768502693045334,0.396122226824706,6.58,-2.33737025745703,16.95
86,0.0080659317594818,0.139635511456001,0.468403442840372,3.32,-2.09334545659146,9.42
87,0.007348159528934,0.141964966199087,0.315621125272662,9.4,-2.13382142370759,8.5
88,0.005404546757623,0.202104175023865,0.407599647561071,8.47,-2.26724072149178,8.48
89,0.0020675242829162,0.166125472218906,0.158626171505631,9.96,-2.68454938098965,19.36
90,0.008143253389876,0.104567213391472,0.391698700026235,5.47,-2.08920205125496,11
91,0.0090854678106296,0.461574130458739,0.415207319442035,8.31,-2.04165270596251,13.22
92,0.0027737573410049,0.261729920556718,0.265950420921404,9.27,-2.55693153535797,9.01
93,0.0086406323365393,0.158662831809311,0.446754813763531,7.12,-2.06345447393073,7.68
94,0.0055701625746131,0.357048190938946,0.336925397852193,7.07,-2.2541321290225,14.63
95,0.0049620201936764,0.38947568398041,0.365400495383402,9.78,-2.30434147263447,7.97
96,0.0035562619953467,0.114824555524223,0.379007863540715,9.09,-2.44900625137394,14.96
97,0.0068536866453169,0.104034938243566,0.416962637192963,3.61,-2.16407575565764,11.08
98,0.008901838428143,0.221725859391335,0.456487173656503,8.57,-2.05052029259705,12.04
99,0.0048598771424436,0.0645146178510132,0.403649939454231,9.93,-2.31337470955113,18.68
100,0.0023869704595398,0.150099760430377,0.230625892952968,7.02,-2.62215295566364,10.12
101,0.0070297515554541,0.137761747853248,0.355410359873257,9.71,-2.15306002348686,7.99
102,0.0037465714262064,0.143032991319136,0.1974817966729,7.65,-2.42636598341511,7.48
103,0.0025866293768555,0.163707649489026,0.279818330732242,8.63,-2.58726579436713,10.71
104,0.0096154163587444,0.471105778383084,0.476268606474224,9.19,-2.01703190556068,12.86
105,0.0050263001499554,0.118627405643973,0.384005272791401,5.88,-2.29875158069028,11.46
106,0.0086201176185176,0.484394829603277,0.401589231505602,8.53,-2.06448680833716,13.48
107,0.0034232977541469,0.0934241169484327,0.288245961719297,8.17,-2.46555532482968,13.56
108,0.002771576219394,0.0153804048992434,0.406568090821205,7.06,-2.55727317364483,9.53
109,0.0087384941570734,0.43343635563503,0.441372759238663,7.95,-2.05856339981619,13.33
110,0.0014255667791853,0.212155803749968,0.0693968458163931,9.41,-2.84601243380707,94.68
111,0.0037908252013898,0.0729087089133963,0.41062138678494,8.19,-2.42126624084976,20.87
112,0.0057108388509645,0.34414620293642,0.339686330622645,6.56,-2.24330009462849,14.48
113,0.0060934242480148,0.423672822118328,0.338997807340212,7.21,-2.21513858354341,14.47
114,0.0073756235439216,0.314164192410103,0.481189050839295,8.23,-2.13220125802951,8.1
115,0.005994982449509,0.240046214473226,0.37901110219846,6.16,-2.2222120839734,13.08
116,0.0059251434006027,0.328565237087849,0.460514298712057,9.92,-2.22730113437494,10.12
117,0.0051921176035202,0.0263525947374927,0.431283966568534,5.66,-2.28465547915425,9.82
118,0.0057320100725856,0.431113626546866,0.354722000737225,9.65,-2.24169305510922,14.51
119,0.0074318944966594,0.218920415922193,0.421805619007972,3.89,-2.12890046422484,11.85
120,0.0074047283998639,0.263944775472927,0.467748706283563,8.04,-2.13049086646129,7.44
121,0.0039597243667615,0.0976219256528278,0.357588704592065,7.01,-2.40233504391306,14.69
122,0.005669156572389,0.151959124734797,0.450043130265319,7.43,-2.24648154837408,10.71
123,0.0094415128730633,0.120672401320849,0.498645066416171,3.05,-2.02495841038623,10.69
124,0.0027763996990831,0.256704013651963,0.269005346739888,9.49,-2.55651801134019,9.05
125,0.0025765481820364,0.189561215379489,0.247444935943552,9.52,-2.58896173172149,9.14
126,0.007064571702654,0.334151474047743,0.4712465557774,9.33,-2.15091416259282,8.34
127,0.0057721543310502,0.273701580564546,0.370924292668526,6.32,-2.23866206561953,13.51
128,0.0059147176035879,0.085713367144724,0.353184017087597,5.4,-2.22806598580042,12.62
129,0.0073072980396852,0.335788004272305,0.388844687813436,5.91,-2.13624317890756,13.31
130,0.0038971594367046,0.0347333436345812,0.334382288479661,7.2,-2.40925182642065,17.31
131,0.004006955310791,0.0626059735009614,0.438917816614087,7.94,-2.39718550118724,24.04
132,0.0039353909104355,0.200547753071452,0.310822360855405,5.33,-2.40501212180226,12.21
133,0.0065202436806558,0.44210202458221,0.371486276625307,8.83,-2.1857361731045,14.53
134,0.0069454224985601,0.389822768135852,0.406780885883238,8.03,-2.15830133045736,13.75
135,0.0054244812110102,0.11790633270986,0.488688248570571,7.41,-2.26564179074565,15.23
136,0.0043472292804617,0.314154175742153,0.35044232730666,9.34,-2.36178745375593,8.06
137,0.0039535405352225,0.0806980788697947,0.427904490745532,5.85,-2.40301380406941,19.99
138,0.0036033781722487,0.385470824429704,0.268612221357741,9.32,-2.44329015655571,17.47
139,0.0053934356965858,0.398689965183184,0.331033638557264,8.75,-2.26813449479066,14.92
140,0.0060075450982354,0.298526005730076,0.452803131328547,9.81,-2.22130296029247,9.68
141,0.0051390199818961,0.393906035874906,0.376252318525089,9.93,-2.28911969365743,8.47
142,0.0032167606308674,0.111922619589271,0.293830347879833,7.81,-2.49258125509467,12
143,0.0095037986858432,0.348994281735161,0.476936640978647,6.73,-2.02210277170562,12.52
144,0.0044214640985082,0.210309914942759,0.375765044785313,8.74,-2.35443389702747,9.23
145,0.0024468771118677,0.233290426361515,0.107712397250897,8.55,-2.6113878414279,NaN
146,0.0017765226661199,0.188144445159693,0.197073627975909,8.76,-2.75042924710626,19.33
147,0.0088753742282991,0.294807235809978,0.495514248557118,6.46,-2.05181332595075,6.88
148,0.0035178759635422,0.417253779708981,0.254166897070315,9.93,-2.45371947735691,17.74
149,0.004076985626331,0.251538202946408,0.367909056598039,9.41,-2.38966081967763,9.78
150,0.0024929419049653,0.145534923102569,0.288190333202698,8.66,-2.60328784209269,12.35
151,0.0064890904760156,0.420261817233941,0.387703398092529,8.97,-2.18781617052296,14.25
152,0.0019470826123053,0.138457963089722,0.182308005778398,8.95,-2.71061562151172,9.22
153,0.0069937973691833,0.370041788369447,0.468408428042017,9.78,-2.15528695462906,8.68
154,0.003363900768518,0.139069654102848,0.35824594558119,7.17,-2.47315682390881,13.14
155,0.0080253457566774,0.435564323665104,0.450904544449212,9.84,-2.09553624777264,12.85
156,0.0090230881410517,0.0908323720997999,0.454595365940679,4.4,-2.04464480025337,12.01
157,0.0097493886596152,0.487307617879536,0.448779148415361,8.83,-2.01102261610451,13.17
158,0.0089141951996544,0.205786094282159,0.48098642819992,4.94,-2.04991786013041,6.98
159,0.0038761128666814,0.146188401412942,0.324259811379488,7.02,-2.41160358542332,8.29
160,0.0038750385737314,0.181706813576087,0.350375671495816,7.4,-2.41172396998985,9.77
161,0.0042765903513301,0.12727114237767,0.27672856558954,5.4,-2.36890234821814,9.24
162,0.0071515937234472,0.330857563608157,0.436689735592658,8.51,-2.1455971654477,6.66
163,0.0041779535559807,0.120242220269665,0.430638703298883,8.4,-2.37903639214255,15.66
164,0.0033037938952047,0.0921871424724881,0.336287681497683,7.69,-2.48098705365409,16.06
165,0.0048498406353616,0.111750762342692,0.488088708635565,7.43,-2.31427253197922,17.42
166,0.002407383606347,0.110067723362198,0.271606993520323,9.13,-2.61845470123072,13.58
167,0.0037230334359804,0.111654872444724,0.268966156418589,8.83,-2.42910306343335,12.12
168,0.0068113731947188,0.319457377507128,0.493285125130407,9.06,-2.16676532409753,9.69
169,0.0062410059858285,0.42409731727833,0.346853040044118,7.27,-2.20474540088154,14.3
170,0.0027144801516539,0.0193953205606154,0.368725983581052,7.84,-2.5663133295687,NaN
171,0.0095581060990134,0.135066214288744,0.422216713812738,7.28,-2.01962815293635,14.16
172,0.0029936860065248,0.152028006822665,0.157757375822727,9.63,-2.52379375268527,11.34
173,0.0090619044776617,0.360631459578679,0.449003924768062,5.72,-2.04278052006933,13.01
174,0.0023576903320734,0.244302416127362,0.247044338764358,9.92,-2.62751323736789,9.79
175,0.0070708846650306,0.10994221920271,0.448893901255586,3.43,-2.15052624658423,11.95
176,0.0047174290525284,0.351930152171245,0.354646082251381,9.23,-2.32629462265792,7.48
177,0.004712530466294,0.115314413962265,0.40942545393634,6.31,-2.32674582908311,13.23
